Product Title,Image URL
Abominable Hoodie,https://www.scrapingcourse.com/ecommerce/wp-content/uploads/2024/03/mh09-blue_main-324x324.jpg
Adrienne Trek Jacket,https://www.scrapingcourse.com/ecommerce/wp-content/uploads/2024/03/wj08-gray_main-324x324.jpg
Aeon Capri,https://www.scrapingcourse.com/ecommerce/wp-content/uploads/2024/03/wp07-black_main-324x324.jpg
Aero Daily Fitness Tee,https://www.scrapingcourse.com/ecommerce/wp-content/uploads/2024/03/ms01-blue_main-324x324.jpg
Aether Gym Pant,https://www.scrapingcourse.com/ecommerce/wp-content/uploads/2024/03/mp11-brown_main-324x324.jpg
Affirm Water Bottle,https://www.scrapingcourse.com/ecommerce/wp-content/uploads/2024/03/ug06-lb-0-324x324.jpg
Aim Analog Watch,https://www.scrapingcourse.com/ecommerce/wp-content/uploads/2024/03/mg04-bk-0-324x324.jpg
Ajax Full-Zip Sweatshirt,https://www.scrapingcourse.com/ecommerce/wp-content/uploads/2024/03/mh12-green_main-324x324.jpg
Ana Running Short,https://www.scrapingcourse.com/ecommerce/wp-content/uploads/2024/03/wsh10-black_main-324x324.jpg
Angel Light Running Short,https://www.scrapingcourse.com/ecommerce/wp-content/uploads/2024/03/wsh06-gray_main-324x324.jpg
Antonia Racer Tank,https://www.scrapingcourse.com/ecommerce/wp-content/uploads/2024/03/wt08-black_main-324x324.jpg
Apollo Running Short,https://www.scrapingcourse.com/ecommerce/wp-content/uploads/2024/03/msh02-black_main-324x324.jpg
Arcadio Gym Short,https://www.scrapingcourse.com/ecommerce/wp-content/uploads/2024/03/msh11-blue_main-324x324.jpg
Argus All-Weather Tank,https://www.scrapingcourse.com/ecommerce/wp-content/uploads/2024/03/mt07-gray_main-324x324.jpg
Ariel Roll Sleeve Sweatshirt,https://www.scrapingcourse.com/ecommerce/wp-content/uploads/2024/03/wh09-purple_main-324x324.jpg
Artemis Running Short,https://www.scrapingcourse.com/ecommerce/wp-content/uploads/2024/03/wsh04-black_main-324x324.jpg
